-- MySQL dump 10.13  Distrib 8.0.20, for Win64 (x86_64)
--
-- Host: localhost    Database: pipoca_doce
-- ------------------------------------------------------
-- Server version	8.0.20

/*!40101 SET @OLD_CHARACTER_SET_CLIENT=@@CHARACTER_SET_CLIENT */;
/*!40101 SET @OLD_CHARACTER_SET_RESULTS=@@CHARACTER_SET_RESULTS */;
/*!40101 SET @OLD_COLLATION_CONNECTION=@@COLLATION_CONNECTION */;
/*!50503 SET NAMES utf8 */;
/*!40103 SET @OLD_TIME_ZONE=@@TIME_ZONE */;
/*!40103 SET TIME_ZONE='+00:00' */;
/*!40014 SET @OLD_UNIQUE_CHECKS=@@UNIQUE_CHECKS, UNIQUE_CHECKS=0 */;
/*!40014 SET @OLD_FOREIGN_KEY_CHECKS=@@FOREIGN_KEY_CHECKS, FOREIGN_KEY_CHECKS=0 */;
/*!40101 SET @OLD_SQL_MODE=@@SQL_MODE, SQL_MODE='NO_AUTO_VALUE_ON_ZERO' */;
/*!40111 SET @OLD_SQL_NOTES=@@SQL_NOTES, SQL_NOTES=0 */;

--
-- Table structure for table `avaliacao`
--

DROP TABLE IF EXISTS `avaliacao`;
/*!40101 SET @saved_cs_client     = @@character_set_client */;
/*!50503 SET character_set_client = utf8mb4 */;
CREATE TABLE `avaliacao` (
  `id` int NOT NULL AUTO_INCREMENT,
  `avaliacao` int NOT NULL,
  `data_avaliacao` datetime NOT NULL,
  `usuario_id` int NOT NULL,
  `filme_id` int NOT NULL,
  PRIMARY KEY (`id`),
  KEY `fk_avaliacao_usuario_idx` (`usuario_id`),
  KEY `fk_avaliacao_filme_idx` (`filme_id`),
  CONSTRAINT `fk_avaliacao_filme` FOREIGN KEY (`filme_id`) REFERENCES `filme` (`id`),
  CONSTRAINT `fk_avaliacao_usuario` FOREIGN KEY (`usuario_id`) REFERENCES `usuario` (`id`)
) ENGINE=InnoDB AUTO_INCREMENT=74 DEFAULT CHARSET=utf8 COLLATE=utf8_bin;
/*!40101 SET character_set_client = @saved_cs_client */;

--
-- Dumping data for table `avaliacao`
--

LOCK TABLES `avaliacao` WRITE;
/*!40000 ALTER TABLE `avaliacao` DISABLE KEYS */;
INSERT INTO `avaliacao` VALUES (1,2,'2020-04-21 12:30:00',1,1),(2,3,'2020-04-21 13:30:00',1,3),(3,5,'2020-06-28 01:15:17',2,3),(4,5,'2020-06-28 01:16:20',2,3),(5,3,'2020-06-28 01:24:55',2,11),(6,1,'2020-06-28 01:27:49',2,7),(7,5,'2020-06-28 01:32:15',2,4),(8,3,'2020-06-28 01:37:12',4,6),(9,5,'2020-06-28 01:38:13',4,4),(10,5,'2020-06-28 01:41:37',4,1),(11,5,'2020-06-28 01:42:28',2,1),(12,5,'2020-06-28 01:43:37',2,9),(13,3,'2020-06-28 01:45:49',2,13),(14,4,'2020-06-28 01:47:03',2,14),(15,3,'2020-06-28 01:47:40',2,14),(16,3,'2020-06-28 01:49:09',2,16),(17,2,'2020-06-28 01:50:52',2,20),(18,4,'2020-06-28 01:51:52',2,21),(19,4,'2020-06-28 02:05:39',2,23),(20,4,'2020-06-28 02:07:08',2,22),(21,5,'2020-06-28 02:08:25',2,25),(22,3,'2020-06-28 02:13:51',2,37),(23,5,'2020-06-28 02:15:40',2,38),(24,4,'2020-06-28 13:50:10',2,10),(25,4,'2020-06-28 13:53:08',2,50),(26,2,'2020-06-28 13:56:57',2,53),(27,2,'2020-06-28 13:58:19',2,54),(28,5,'2020-06-28 14:01:34',3,1),(29,4,'2020-06-28 14:04:18',3,9),(30,4,'2020-06-28 14:06:05',3,25),(31,4,'2020-06-11 03:39:45',4,78),(32,4,'2020-06-20 12:26:29',4,81),(33,3,'2020-06-24 02:41:55',3,81),(34,2,'2020-06-17 19:30:14',1,85),(35,4,'2020-06-19 13:22:30',1,109),(36,5,'2020-06-26 00:40:56',2,116),(37,5,'2020-05-15 16:20:44',4,116),(38,4,'2020-05-03 22:36:14',1,77),(39,4,'2019-03-19 13:14:26',3,77),(40,5,'2020-06-28 15:30:35',4,38),(41,3,'2020-06-28 15:35:00',4,114),(42,3,'2020-06-28 15:35:41',4,113),(43,4,'2020-06-28 15:36:48',4,115),(44,1,'2020-06-28 15:38:00',4,112),(45,3,'2020-06-28 15:39:04',4,111),(46,4,'2020-06-28 15:40:18',4,110),(47,2,'2020-06-28 16:06:43',4,89),(48,2,'2020-06-28 16:12:08',1,80),(49,3,'2020-06-28 16:13:02',1,83),(50,3,'2020-06-28 16:15:53',1,51),(51,1,'2020-06-28 16:17:35',2,55),(52,4,'2020-06-28 16:19:25',1,56),(53,3,'2020-06-28 16:25:06',1,60),(54,5,'2020-06-28 16:25:37',1,58),(55,5,'2020-06-28 16:26:07',1,76),(56,4,'2020-06-28 16:28:07',1,24),(57,5,'2020-06-28 16:31:08',1,23),(58,5,'2020-06-28 16:33:35',3,8),(59,4,'2020-06-28 17:07:26',3,36),(60,5,'2020-06-28 17:17:10',1,39),(61,4,'2020-06-28 17:18:11',1,40),(62,4,'2020-06-28 17:19:11',1,41),(63,2,'2020-06-28 17:20:11',4,42),(64,2,'2020-06-28 17:20:44',4,43),(65,3,'2020-06-28 17:22:18',2,44),(66,4,'2020-06-28 17:24:16',2,46),(67,4,'2020-06-28 17:25:13',2,47),(68,3,'2020-06-28 17:26:51',2,48),(69,4,'2020-06-28 17:28:28',2,49),(70,4,'2020-06-28 17:29:29',2,52),(71,1,'2020-06-28 17:31:10',1,79),(72,4,'2020-06-28 17:37:49',1,94),(73,3,'2020-06-28 17:39:04',1,95);
/*!40000 ALTER TABLE `avaliacao` ENABLE KEYS */;
UNLOCK TABLES;

--
-- Table structure for table `comentario`
--

DROP TABLE IF EXISTS `comentario`;
/*!40101 SET @saved_cs_client     = @@character_set_client */;
/*!50503 SET character_set_client = utf8mb4 */;
CREATE TABLE `comentario` (
  `id` int NOT NULL AUTO_INCREMENT,
  `comentario` text NOT NULL,
  `data_comentario` datetime NOT NULL,
  `usuario_id` int NOT NULL,
  `filme_id` int NOT NULL,
  PRIMARY KEY (`id`),
  KEY `fk_comentario_usuario_idx` (`usuario_id`),
  KEY `fk_comentario_filme_idx` (`filme_id`),
  CONSTRAINT `fk_comentario_filme` FOREIGN KEY (`filme_id`) REFERENCES `filme` (`id`),
  CONSTRAINT `fk_comentario_usuario` FOREIGN KEY (`usuario_id`) REFERENCES `usuario` (`id`)
) ENGINE=InnoDB AUTO_INCREMENT=111 DEFAULT CHARSET=utf8;
/*!40101 SET character_set_client = @saved_cs_client */;

--
-- Dumping data for table `comentario`
--

LOCK TABLES `comentario` WRITE;
/*!40000 ALTER TABLE `comentario` DISABLE KEYS */;
INSERT INTO `comentario` VALUES (1,'Ótimo filme!','2020-04-21 12:30:00',1,1),(10,'Não teve drama e suspense nenhum','2020-05-13 09:15:36',2,14),(11,'Deixou um suspense','2020-06-14 00:41:57',2,10),(12,'Esperando ansiosamente','2020-06-09 17:59:12',3,12),(13,'Amei o filme, do começo ao fim. Há alguns clichês, mas isso não estraga a beleza das personagens principais. Filme tocante e que vale a pena assistir, sim. Recomendo','2020-05-06 19:21:04',4,23),(14,'Esperando ansiosamente ','2020-06-28 01:22:26',2,3),(15,'Em filmes do gênero comédia que se passam ao longo de apenas um dia, como é o caso de A Noite do Jogo ou Uma Noite Fora de Série, a verdadeira graça recai nas personagens principais que precisam lidar com a urgência de determinadas situações.','2020-06-28 01:24:59',2,11),(16,'É muito ruim, muito mesmo, sem conteúdo, sem sentido. Não percam seu tempo. Quase saí no meio do filme.','2020-06-28 01:27:57',2,7),(17,'Uma perfeita adaptação feita na medida certa para os antigos e novos fãs do Sonic, comédia e ação andam juntas nessa homenagem a um dos personagens mais icônico dos games.','2020-06-28 01:32:18',2,4),(18,'Mesmo passando tanto tempo, essa dupla consegue manter seu charme e ser incrível nas telas. São protagonistas divertidos e que garantem ação sem repetição ou qualquer tipo de cena cansativa.','2020-06-28 01:35:29',2,6),(19,'o filme não tem conteúdo. foi criado um motivo qualquer para trama, onde o policial esta preocupado com a vingança e nao com a justiça. chato e de piadas ruins, é so um andar de exploração para a franquia.','2020-06-28 01:37:16',4,6),(20,'na minha opinião esse é o melhor filme baseado em jogo de toda minha vida ri muito amei com cada cena do jim carrey super recomendado','2020-06-28 01:38:16',4,4),(21,'na minha opinião esse é o melhor filme baseado em jogo de toda minha vida ri muito amei com cada cena do jim carrey super recomendado','2020-06-28 01:42:03',4,1),(22,'Melhor filme da marvel de todos os tempos. O filme é fantastico, recheado de momentos emocionantes, tristes, alegres, cômicos. Teve inumeras cenas imprevisíveis. Não tenho palavras. O filme foi muito bem construído, sem furos de roteiro, e com muitas referências emocionantes a diversos filmes da franquia.','2020-06-28 01:42:47',2,1),(23,'Filme ácido sobre as relações sociais. Uma família desocupada, aos poucos assume todas as funções serviçais de uma família rica e aos poucos seus abusos vão sendo revelado, bem como daqueles que foram substituídos e da própria família abastada. Genial.','2020-06-28 01:44:59',2,9),(24,'Filme fraco e sem propósito, infelizmente o elenco consegue ser pior se o enredo, falhas no roteiro e etc ..','2020-06-28 01:46:17',2,13),(25,'2,5 Enviada em 14 de junho de 2020\r\ntrilha sonora incrível. a história É interessante mas o roteiro é montagem sao problemáticas. muitas convenções de roteiro pra história se alinhar e chegar a conclusão.','2020-06-28 01:49:13',2,16),(26,'Filme muito fraco. Muitos elementos parecidos com as primeiras versões, mas sem a novidade de antes. Achei bem chatinho, sem emoção e previsível demais. Se você já é adulto e gosta de filmes de verdade','2020-06-28 01:50:56',2,20),(27,'Que filme é esse, esse é um caso raro em que o segundo filme consegue ser melhor do que o primeiro da franquia, e olha que o Exterminador do futuro 1','2020-06-28 01:52:43',2,21),(28,'Ford vs Ferrari, atende o público fã de carros e o público geral e agrada para ambos. Recomendo para toda a família, história boa e real, atores interpretam muito bem, cenas de ação ótimas. ','2020-06-28 02:07:12',2,22),(29,'acho que mostrou mais \"amor de amizade\" que outra coisa, e por isso, concordo com outras críticas,é um filme cult, que não traz conclusões óbvias, e fala de amor, de amizade, coisa rara hoje em dia','2020-06-28 02:08:20',2,25),(30,'Achei chatinho e longo. A história é sempre a mesma, bruxo bom contra bruxo mal e Dumbledore colocando lenha na fogueira sem se meter.\r\n','2020-06-28 02:13:54',2,37),(31,'melhor filme de romance já feito na história! sem duvida!','2020-06-28 02:15:43',2,38),(32,'Documentário sobre o sucesso de La Casa de Papel com histórias do elenco e diretores, assim como bastidores da Parte 4, recentemente lançada. De um fracasso ao completo sucesso mundial, um pouco de exagero por parte deles, porém ainda assim interessante de ver como a série chegou aonde está. Nada de novo, bom pra passar o tempo.','2020-06-28 13:53:03',2,50),(33,'Trama boa, porém o final ficou fraco demais em um filme que tinha potencial! Atores bons, história boa, mas no meio do filme começou a se enrolar demais na mesma coisa, faltou deslanchar. Por fim, achei que tinha potencial de me surpreender mas acabou sendo previsível e chato','2020-06-28 13:57:00',2,53),(34,'Filme muito ruim. Não é engraçado e é muito difícil assitir o tanto de besteiras e palavrões que o menino fala, causa muito incômodo.','2020-06-28 13:58:22',2,54),(35,'Não tenho nem palavra para descrever esse filme mano, simplesmente perfeito, perfeito, obrigado Marvel por tudo !!','2020-06-28 14:01:28',3,1),(36,'Filme que te prende do início ao fim! Uma história incrível que se encaixa perfeitamente ao longo da trama e atuações ótimas.','2020-06-28 14:04:13',3,9),(37,'Um filme de aquecer o coração mas em algumas cenas se perde na vibe do filme. Na cena da igreja todos aqueles personagens se levantando perde um pouco o sentido do filme. ','2020-06-28 14:06:01',3,25),(38,'Com certeza o melhor filme da franquia, tem um roteiro bem simples mas muito bem escrito, mostrando realmente como é um veterano de guerra,querendo fazer parte da sociedade.','2020-06-28 01:50:56',1,58),(39,'Que filme de ação ótimo, um roteiro simples mas bem legal, virou clássico e deu origem a outras continuações, que não foram tao boas quanto esse Rambo.','2020-06-11 06:25:29',2,58),(40,'O filme é baseado em fatos reais e conta uma história muito bonita e delicada, partindo para uma parte de ficção. Mas a mensagem do filme é bem legal, portanto dá para extrair bons momentos.','2020-06-11 03:39:45',4,78),(45,'A sua crítica foi muito bem construída, mas não concordo não hahaha. Achei bem mediano o filme. Só o que salva é a atuação do protagonista e uma ou outra cena de ação','2020-06-20 12:26:29',3,81),(46,'Contanto que as pessoas não se matem, acho um movimento de união bem interessante de um ponto de vista sociológico mesmo.','2020-06-17 19:30:14',1,85),(47,'Para mim foi uma ótima adaptação ... como o proprio nome já diz ADAPTAÇÃO .... como todo filme pearam em algumas coisas mas acertaram em outra.','2020-06-19 13:22:30',1,109),(48,'Muito bom!! Tudo mundo deveria ver o filme! Você sai do cinema repensando a vida, querendo mudar algo para melhorar o mundo','2020-06-26 00:40:56',2,116),(49,'Eu amei o filme, me fez refletir que a vida é o bem mais precioso que temos , que devemos viver cada dia como um presente que Deus nos deu, que devemos amar, cuidar das pessoas que amamos, devemos curtir cada momento junto de quem nos faz felizes.','2020-05-15 16:20:44',4,116),(50,'Ofilme é otimo, muito bom, nao digo que e melhor que o 1, mais ta ai, muito perto, esse tem muita açao, pode ser meio irreal, mas é um grande classico, merece respeito!','2020-05-03 22:36:14',1,77),(51,'Filme de pura ação! Quando decide resgatar Trautman tudo fica massa, pois mexeram com a única família que o resta.','2019-03-19 13:14:26',3,77),(52,'Um filme realmente digno de receber cada oscar conquistado, é um filme que eu tenho admiração até nos tempos atuais.','2020-06-28 15:30:28',4,38),(53,'Filme muito mal feito e sem graça, você não sente seriedade no roteiro e filme, os golpes em empréstimos são dados com muita facilidade. Só serve para enrolar sua tarde.','2020-06-28 15:35:04',4,114),(54,'Gostei do filme. Bem clichê. Mas foi um .enredo interessante e teve boas atuações. Pra se assistir uma vez','2020-06-28 15:35:44',4,113),(55,'Filme de sobrevivência, achei previsível.  Filme bom !','2020-06-28 15:36:51',4,115),(56,'Sério ... Quem não assistiu não perca tempo. HORRÍVEL','2020-06-28 15:38:02',4,112),(57,'O FILME TEM até uma boa desenvoltura,mas aquele final meio sei lá,estranho,esquisito','2020-06-28 15:39:06',4,111),(58,'Vale muito a pena, mas não é um filme para todos, filme com cenas fortes para quem tem estômago fraco.Um filme para ser interpretado e não simplesmente \"assistido\".','2020-06-28 15:40:21',4,110),(59,'os caras literalmente vão fazer um filme baseado num brinquedo do Parque da Disney ? deixa pra lá... Piratas do Caribe também veio dessa ideia','2020-06-28 15:43:11',4,106),(60,'Péssimo. Esperando algo completamente diferente com o início do longa, temos uma total falta de explicação e desperdício de todo um conjunto que apesar de clichê, faria funcionar muito bem esse terror psicológico. Arrependido de assistir.','2020-06-28 16:06:46',4,89),(61,'Fraco, mas dentro da velha formula com a nova tentativa de renovação jogando pitadas de pseudo feminismo... não foi a pior coisa que vi, mas longe de marcar.','2020-06-28 16:12:14',1,80),(62,'Funciona bem esta versão americana que tenta manter a tensão e ritmo da japonesa. Estória bem contada e interpretada com final rotineiro.','2020-06-28 16:13:05',1,83),(63,'É uma loucura que a cena do pai de Iqbal tenha morrido com sua última ligação, Milea, e Iqbal faz isso acontecer.','2020-06-28 16:15:56',1,51),(64,'No começo estava ruim, aí no final parecia que ainda estava no começo. Perdi duas horas de vida ','2020-06-28 16:18:03',2,55),(65,'excelente filme do começo ao fim. e deixa uma mensagem muito importante para os seres humanos.','2020-06-28 16:19:28',1,56),(66,'Otimo filme para criança ','2020-06-28 16:23:19',1,59),(67,'Um documentário brilhante sobre uma banda incrível. No chão, trabalho duro e eu sempre soube que eles iriam direto para o topo.','2020-06-28 16:25:11',1,60),(68,'melhor filme de todos os tempos numca vai existir outro igual.','2020-06-28 16:26:41',1,76),(69,'Emocionante! Filme explendido de Tim Burton! muito bem feito e cenas marcantes de puro Amor de uma criança e um cachorro!!','2020-06-28 16:28:10',1,24),(70,'Vem aí mais um filmaço do Christopher Nolan, tenho certeza disso!','2020-06-28 16:30:19',1,19),(71,'Acabei de chorar um rio todo com esse filme! Muito direto e sensível! Um baita choque de realidade.','2020-06-28 16:31:03',1,23),(72,'Mto foda. Não se trata de um filme de super heróis. É um drama psicológico de tirar o fôlego. Um filme adulto, mto bem conduzido e com roteiro e interpretações impecáveis. Espero que o próximo Batman seja a continuação e siga uma linha na mesma pegada.','2020-06-28 16:33:38',3,8),(73,'Depois da Mulher Maravilha aprender uns truques com o Homem Aranha, ela supera o mestre e ao invés de se balançar em prédios ela se balança em raios.','2020-06-28 16:36:24',3,12),(74,'Super produção, tem tudo para ser um filmaço!','2020-06-28 16:37:48',3,17),(75,'Incrível como o tempo passa e Bob Esponja continua marcando gerações','2020-06-28 16:39:33',3,30),(76,'Quero já assistir. Não saberei controlar minha ansiedade. Forte demais','2020-06-28 16:41:55',3,26),(77,'Sem James Wan é golpe.','2020-06-28 16:49:57',3,29),(78,'Tô preocupado, porque James Wan não dirigiu ','2020-06-28 16:50:51',2,29),(79,'Não tem música\r\nNão tem mushu\r\nNão tem grilinho\r\nMas tem feiticeira?','2020-06-28 16:53:39',2,2),(80,'vai ser um filme foda, luta urbana é mais interessante que cósmica, só espero que não matem o taskmaster, cara tem muita história','2020-06-28 16:56:27',2,5),(81,'Se não tiver os trolls do pagode eu nem assisto','2020-06-28 16:57:26',2,18),(82,'Aposto que se deixassem o Tom Cruise iria tentar pilotar pra valer, o cara é brabo.','2020-06-28 16:58:45',2,28),(83,'Filme Horrível,chato e não é nada inteligente.','2020-06-28 17:02:01',3,31),(84,'007 : sem tempo irmão','2020-06-28 17:03:33',3,32),(85,'Assisti nem O 1 nem O 2 imagine o 3','2020-06-28 17:04:28',3,33),(86,'POR QUE NÃO ME AVISSARAM QUE O DOUTOR TAVA NO FILME?!\r\nAGORA QUE EU ASSISTO MERMO','2020-06-28 17:06:35',3,35),(87,'gostei bastante do filme principalmente com algumas cenas de ação que impressionam alem dos efeitos especiais','2020-06-28 17:07:29',3,36),(88,'Ótimo filme, cenas de ação que vão a loucura!!! E o melhor sem aquela camerá balançando!!! òtima atuação do Will Smith, enrendo que de prende do inicio ao fim!!','2020-06-28 17:17:15',1,39),(89,'É incrível ! Vale a pena por tudo, trilha sonora, efeitos, roteiro.... Imperdível! A direção do Spielberg da ao filme um toque de magia!','2020-06-28 17:18:15',1,40),(90,'Muito bom,adorei o espantalho, uma história complexa, mt bom\r\n','2020-06-28 17:19:14',1,41),(91,'Premissa interessante com uma péssima execução. Logo no início já se percebe que o filme não tem nada (ou quase) a oferecer','2020-06-28 17:20:13',4,42),(92,'É sempre mais do mesmo, mudam apenas os detalhes. Esse é o tipo de roteiro que é a receita de bolo pra qualquer história de ação acontecer. Não chama a atenção.','2020-06-28 17:20:47',4,43),(93,'Filme bem divertido, tem bastante ação e um elenco bem diversificado. Gostei, pois desperta sensações de tristeza, alegria, humor e raiva tmbm','2020-06-28 17:22:24',2,44),(94,'Não sei o que é mais engraçado, super-homem comunista ou batman com chapéu russo.','2020-06-28 17:24:18',2,46),(95,'Animação muito bacana!! Com uma ótima dose de aventura com uma verdadeira amizade entre irmãos','2020-06-28 17:25:08',2,47),(96,'Como é que o primeiro filme Dragonheart tem o dragão mais bonito de todos esses? e que saiu em 1996!','2020-06-28 17:26:46',2,48),(97,'ver o Chris em outras performances longe do \"heroísmo marvelista\", mostra que é um ator de corpo e alma pra tudo. ','2020-06-28 17:28:24',2,49),(98,'Eu assisti o filme e MT legal','2020-06-28 17:29:24',2,52),(99,'Esse filme é simplesmente horrível..','2020-06-28 17:31:13',1,79),(100,'Um filme de cachorro que fala','2020-06-28 17:34:48',1,84),(101,'Fiquei vidrado no filme. Todos os diálogos não empresariais são cirúrgicos. A atuação da Julia Garner também, com microexpressões que dizem tudo.','2020-06-28 17:37:36',1,94),(102,'No começo é muito forçado a perseguição, chega até cansar, depois fica bom','2020-06-28 17:38:52',1,95),(103,'O filme parece ser muito interessante, uma pegada muito interessante','2020-06-28 17:39:57',1,96),(104,'Expectativa: godzilla vs long Realidade: coronavirus vs humanos','2020-06-28 17:41:05',1,97),(105,'Um filme onde o protagonista é um npc, genial','2020-06-28 17:42:28',4,98),(106,'Golpe . Estes são clipes da parte 1 e 2','2020-06-28 17:44:25',4,99),(107,'é literalmente o mesmo que a primeira parte, mas há um carro','2020-06-28 17:45:25',4,100),(108,'muito ancioso pra novembro!','2020-06-28 17:48:08',4,101),(109,'Vai estrear na Páscoa','2020-06-28 17:50:08',4,105),(110,'Pena que nao teve espetacular homem aranha 3 queria ver o sexteto sinistro tava tudo apontando pra isso','2020-06-28 17:51:36',4,104);
/*!40000 ALTER TABLE `comentario` ENABLE KEYS */;
UNLOCK TABLES;

--
-- Table structure for table `comentarios`
--

DROP TABLE IF EXISTS `comentarios`;
/*!40101 SET @saved_cs_client     = @@character_set_client */;
/*!50503 SET character_set_client = utf8mb4 */;
CREATE TABLE `comentarios` (
  `id` int NOT NULL AUTO_INCREMENT,
  `comentarios` varchar(200) NOT NULL,
  PRIMARY KEY (`id`)
) ENGINE=InnoDB DEFAULT CHARSET=utf8;
/*!40101 SET character_set_client = @saved_cs_client */;

--
-- Dumping data for table `comentarios`
--

LOCK TABLES `comentarios` WRITE;
/*!40000 ALTER TABLE `comentarios` DISABLE KEYS */;
/*!40000 ALTER TABLE `comentarios` ENABLE KEYS */;
UNLOCK TABLES;

--
-- Table structure for table `diretor`
--

DROP TABLE IF EXISTS `diretor`;
/*!40101 SET @saved_cs_client     = @@character_set_client */;
/*!50503 SET character_set_client = utf8mb4 */;
CREATE TABLE `diretor` (
  `id` int NOT NULL AUTO_INCREMENT,
  `nome` varchar(100) NOT NULL,
  PRIMARY KEY (`id`)
) ENGINE=InnoDB AUTO_INCREMENT=117 DEFAULT CHARSET=utf8;
/*!40101 SET character_set_client = @saved_cs_client */;

--
-- Dumping data for table `diretor`
--

LOCK TABLES `diretor` WRITE;
/*!40000 ALTER TABLE `diretor` DISABLE KEYS */;
INSERT INTO `diretor` VALUES (1,'Anthony Russo'),(2,'Joe Russo'),(3,'Niki Caro'),(4,'Justin Lin'),(5,'Jeff Fowler'),(6,'Cate Shortland'),(7,'Bilall Fallah'),(8,'Adil El Arbi'),(9,'Cathy Yan'),(10,'Todd Phillips'),(11,'Bong Joon-ho'),(12,'Barbara Białowąs'),(13,'Michael Showalter'),(14,'Patty Jenkins'),(15,'Olivier Megaton'),(16,'Leigh Whannell'),(17,'John Krasinski'),(18,'Spike Lee'),(19,'Matthew Vaughn'),(20,'Walt Dohrn'),(21,'Christopher Nolan'),(22,'Tim Miller'),(23,'James Mangold'),(24,'Mehmet Ada Öztekin'),(25,'Tim Burton'),(26,'Alice Wu'),(27,'Jeferson De'),(29,'Dean Wellins'),(30,'Paul Briggs'),(31,'Joseph Kosinski'),(32,'Michael Chaves'),(33,'Tim Hill'),(34,'James Cameron'),(35,'Cary Fukunaga'),(36,'Mauro Lima'),(37,'Steven Spielberg'),(38,'Daniel Espinosa'),(39,'Robert Rodriguez'),(40,'Ron Howard'),(41,'David Yates'),(42,'Ethan Spaulding'),(43,'James Cameron'),(44,'Ang Lee'),(45,'Christopher Nolan'),(46,'Christian Rivers'),(47,'David S. F. Wilson'),(48,'Christina Sotta'),(49,'Matt Peters'),(50,'Peter Berg'),(51,'Stephen Gaghan'),(52,'Ozan Açıktan'),(53,'Sam Liu'),(54,'Dan Scanlon'),(55,'Ivan Silvestrini'),(56,'Sam Hargrave'),(57,'Luis Alfaro'),(58,'Pablo Lejarreta'),(59,'Fajar Bustomi'),(60,'Pidi Baiq'),(62,'Junichi Sato'),(63,'Dee Rees'),(64,'Michael Dowse'),(65,'Oz Perkins'),(66,'Kaare Andrews'),(67,'Chris Sanders'),(68,'Benh Zeitlin'),(69,'Ravi Shankar V.'),(70,'Ravishanakar Venkateswaren'),(71,'Allan Hardy'),(72,'Ted Kotcheff'),(73,'George P. Cosmatos'),(74,'Peter MacDonald'),(75,'Francesco Amato'),(76,'Matt Eskandari'),(77,'Miguel Arteta'),(78,'Yoon Sung-Hyun'),(79,'Malik Nejer'),(80,'Takashi Shimizu'),(81,'Gil Junger  '),(82,'Francesco Lettieri'),(83,'Trivikram Srinivas'),(84,'Craig Zobel'),(85,'A. Raajdheep'),(86,'Floria Sigismondi'),(87,'Guillaume Pierret'),(88,'Gavin O Connor'),(89,'René Sampaio'),(90,'Jeff Wadlow'),(91,'Kitty Green'),(92,'Paulo Thiago'),(93,'Pete Docter'),(94,'Kemp Powers'),(95,' Pedro Antonio'),(96,'Adam Wingard'),(97,'Shawn Levy'),(98,'Dexter Fletcher'),(99,'Joel Crawford'),(101,'Charles E. Bastien'),(102,'Adrian Lyne'),(103,'Jon Watts'),(104,'Will Gluck'),(105,'Jaume Collet-Serra'),(106,'Michael Rianda'),(107,'Matt Reeves'),(108,'Jenny Gage'),(109,'Galder Gaztelu-Urrutia'),(110,'Julien Leclercq'),(111,'David Pastor'),(112,'Àlex Pastor'),(113,'Alejandro Montiel'),(114,'Cüneyt Kaya'),(115,'Patrice Laliberté'),(116,'Jayme Monjardim');
/*!40000 ALTER TABLE `diretor` ENABLE KEYS */;
UNLOCK TABLES;

--
-- Table structure for table `filme`
--

DROP TABLE IF EXISTS `filme`;
/*!40101 SET @saved_cs_client     = @@character_set_client */;
/*!50503 SET character_set_client = utf8mb4 */;
CREATE TABLE `filme` (
  `id` int NOT NULL AUTO_INCREMENT,
  `nome` varchar(100) NOT NULL,
  `duracao` varchar(20) NOT NULL,
  `dataLancamento` varchar(50) NOT NULL,
  `url` varchar(255) DEFAULT NULL,
  `tipo` varchar(30) DEFAULT NULL,
  `sinopse` text NOT NULL,
  `elenco` varchar(100) NOT NULL,
  `imagem` varchar(255) DEFAULT NULL,
  PRIMARY KEY (`id`),
  UNIQUE KEY `nome_UNIQUE` (`nome`)
) ENGINE=InnoDB AUTO_INCREMENT=117 DEFAULT CHARSET=utf8;
/*!40101 SET character_set_client = @saved_cs_client */;

--
-- Dumping data for table `filme`
--

LOCK TABLES `filme` WRITE;
/*!40000 ALTER TABLE `filme` DISABLE KEYS */;
INSERT INTO `filme` VALUES (1,'Vingadores: Ultimato','3h 2m','25 de abril de 2019 ','https://www.youtube-nocookie.com/embed/g6ng8iy-l0U?controls=0','Lançado','Após Thanos eliminar metade das criaturas vivas, os Vingadores têm de lidar com a perda de amigos e entes queridos. Com Tony Stark vagando perdido no espaço sem água e comida, Steve Rogers e Natasha Romanov lideram a resistência contra o titã louco.','Robert Downey Jr., Chris Evans, Mark Ruffalo','vigadores-20200619000638-20200626000654.jpg'),(2,'Mulan','1h 55m','23 de julho de 2020 ','https://www.youtube-nocookie.com/embed/LBRJhII2wu8?controls=0','Em Breve','Em Mulan, Hua Mulan (Liu Yifei) é a espirituosa e determinada filha mais velha de um honrado guerreiro. Quando o Imperador da China emite um decreto que um homem de cada família deve servir no exército imperial, Mulan decide tomar o lugar de seu pai, que está doente. Assumindo a identidade de Hua Jun, ela se disfarça de homem para combater os invasores que estão atacando sua nação, provando-se uma grande guerreira.','Yifei Liu, Donnie Yen, Jason Scott Lee','0409486-20200606010614-20200626000654.jpg'),(3,'Velozes e Furiosos 9','2h 15m','20 de maio de 2020','https://www.youtube-nocookie.com/embed/NnDGWyfP7q4?controls=0','Lançado','Nono filme da série Velozes & Furiosos, e segundo da nova trilogia (Velozes 8, 9 e 10), que não conta mais com a presença de Paul Walker, falecido em 2013. O longa vem dando continuidade às corridas eletrizantes da equipe de amigos liderada por Dominic Toretto (Vin Diesel). ','Vin Diesel, Michelle Rodriguez, Jordana Brewster','images-20200619010605.jpg'),(4,'Sonic: O Filme','1h 40m','13 de fevereiro de 2020','https://www.youtube-nocookie.com/embed/zQEjE_M2Esw?controls=0','Lançado','Sonic, o porco-espinho azul mais famoso do mundo, se junta com os seus amigos para derrotar o terrível Doutor Eggman, um cientista louco que planeja dominar o mundo, e o Doutor Robotnik, responsável por aprisionar animais inocentes em robôs.','Jim Carrey, James Marsden, Tika Sumpter','0121118-20200605210647-20200619010608-20200626000656.jpg'),(5,'Viúva Negra','2h','29 de outubro de 2020','https://www.youtube-nocookie.com/embed/Lk7LPTq0_XY?controls=0','Em Breve','Em Viúva Negra, após seu nascimento, Natasha Romanoff (Scarlett Johansson) é dada à KGB, que a prepara para se tornar sua agente definitiva. Quando a URSS rompe, o governo tenta matá-la enquanto a ação se move para a atual Nova York, onde ela trabalha como freelancer. ','Scarlett Johansson, Florence Pugh, David Harbour','images (1)-20200619010616-20200626000657.jpg'),(6,'Bad Boys para Sempre','2h 4m','30 de janeiro de 2020','https://www.youtube-nocookie.com/embed/jCCGGYvFjlw?controls=0','Lançado','Os policiais Mike Lowery e Marcus Burnett se juntam para derrubar o líder de um cartel de drogas em Miami. A recém-criada equipe de elite do departamento de polícia de Miami, ao lado de Mike e Marcus, enfrenta o implacável Armando Armas.','Will Smith, Martin Lawrence, Vanessa Hudgens','bbps_640x940-data-20200606010612-20200619010627-20200626000657.jpg'),(7,'Aves de Rapina','1h 49m','6 de fevereiro de 2020','https://www.youtube-nocookie.com/embed/XS0mcsu8G3I?controls=0','Lançado','Arlequina narra os eventos de sua vida: algum tempo após a derrota da Magia, o Coringa termina com Arlequina, jogando-a nas ruas de Gotham City. Ela é acolhida por Doc, o idoso dono de um restaurante chinês.','Margot Robbie, Mary Elizabeth, Winstead Jurnee, Smollett Bell','5316438-20200619010651-20200626000658.jpg'),(8,'Coringa','2h 2m','3 de outubro de 2019','https://www.youtube-nocookie.com/embed/621pfj0EfIc?controls=0','Lançado','Isolado, intimidado e desconsiderado pela sociedade, o fracassado comediante Arthur Fleck inicia seu caminho como uma mente criminosa após assassinar três homens em pleno metrô. Sua ação inicia um movimento popular contra a elite de Gotham City, da qual Thomas Wayne é seu maior representante.','Joaquin Phoenix, Robert De Niro, Zazie Beetz','images (2)-20200619010654-20200626000658.jpg'),(9,'Parasita','2h 12m','7 de novembro de 2019','https://www.youtube-nocookie.com/embed/yCJPhuwGnws?controls=0','Lançado','Em Parasita, toda a família de Ki-taek está desempregada, vivendo num porão sujo e apertado. Uma obra do acaso faz com que o filho adolescente da família comece a dar aulas de inglês à garota de uma família rica. Fascinados com a vida luxuosa destas pessoas, pai, mãe, filho e filha bolam um plano para se infiltrarem também na família burguesa, um a um. No entanto, os segredos e mentiras necessários à ascensão social custarão caro a todos.','Song Kang-Ho, Woo-sik Choi, Park So-Dam','parasita-20200626000659.jpg'),(10,'365 DNI','1h 54m','7 de fevereiro de 2020 ','https://www.youtube-nocookie.com/embed/gg72UGQ3iGg?controls=0','Lançado','Em 365 Dias (365 DNI, no original), Laura Biel é uma diretora de vendas que tem sua vida virada do avesso quando, em uma viagem a Sicília, Massimo Torricelli, um membro da família da máfia siciliana, a sequestra lhe dando 365 dias para se apaixonar por ele.','Michele Morrone, Anna-Maria Sieklucka, Grazyna Szapolowska','365-20200626000659.jpg'),(11,'Um Crime para Dois','1h 26m','24 de abril de 2020','https://www.youtube-nocookie.com/embed/msvHbCb1cB4?controls=0','Lançado','Em Um Crime para Dois, um casal (Issa Rae e Kumail Nanjiani) está passando por uma crise em seu relacionamento. Quando eles se veem de repente envolvidos em um misterioso assassinato, eles precisam tentar resolver o crime para limpar seus nomes enquanto tentam salvar a relação.','Kumail Nanjiani, Issa Rae, Moses Storm','lovebirds-20200626010600.jpg'),(12,'Mulher-Maravilha 1984','-','13 de agosto de 2020','https://www.youtube-nocookie.com/embed/sfM7_JLk-84?controls=0','Em Breve','A sinopse de Mulher-Maravilha 1984 não foi revelada, então é difícil saber o que esperar em termos de trama. O que foi revelado, no entanto, é que ele será ambientado nos anos 1980 porque a diretora Patty Jenkins quis que o filme se passasse no auge da década. \"Foi pouco antes do mercado ficar com as dificuldades do restante da década. Foi o topo do topo\". ',' Gal Gadot, Chris Pine, Kristen Wiig','MM84-20200626010601.jpg'),(13,'The Last Days of American Crime','2h 29m','5 de junho de 2020','https://www.youtube-nocookie.com/embed/gdWxGwiuhnU?controls=0','Lançado','Um ladrão de bancos participa de um plano para cometer um último grande assalto antes do governo ativar um sinal mental que acabará com todas as atividades criminosas.\r\n','Edgar Ramírez,Michael Pitt,Anna Brewster','The Last Days of American Crime-20200626010602.jpg'),(14,'O Homem Invisível','2h 05m','27 de fevereiro de 2020','https://www.youtube-nocookie.com/embed/Sb-_wbXSuK4?controls=0','Lançado','Depois de forjar o próprio suicídio, um cientista enlouquecido usa seu poder para se tornar invisível e aterrorizar sua ex-namorada. Quando a polícia se recusa a acreditar em sua história, ela decide resolver o assunto por conta própria.','Elisabeth Moss, Oliver Jackson-Cohen, Harriet Dyer','O Homem Inv-20200626010603.jpg'),(15,'Um Lugar Silencioso - Parte II','1h 40m','3 de setembro de 2020','https://www.youtube-nocookie.com/embed/XEMwSdne6UE?controls=0','Em Breve','A família Abbott precisa enfrentar os terrores do mundo exterior enquanto luta pela sobrevivência em silêncio. Forçados a se aventurar no desconhecido, eles percebem que as criaturas que caçam pelo som não são as únicas ameaças no caminho da areia.','Emily Blunt, Cillian Murphy, Millicent Simmonds, Noah Jupe, Djimon Hounsou, John Krasinski','Um Lugar Silencioso - Parte II-20200626010603.jpg'),(16,'Destacamento Blood','2h 35m','12 de junho de 2020','https://www.youtube-nocookie.com/embed/03aoq9yzI9c?controls=0','Lançado','Spike Lee conta a história de quatro veteranos de guerra afro-americanos que voltam ao Vietnã à procura dos restos mortais de seu comandante e de um tesouro enterrado.','Delroy Lindo, Jonathan Majors, Clarke Peters','da 5 bloods-20200626010604.jpg'),(17,'King’s Man: A Origem','-','17 de setembro de 2020','https://www.youtube-nocookie.com/embed/gdt9-ZPk1dk?controls=0','Em Breve','Um grupo formado pelos tiranos e criminosos mais cruéis de todos os tempos arma um plano que ameaça a vida de milhões de inocentes. Agora um homem precisa correr contra o tempo para salvar a vida de todos.','Taron Egerton, Colin Firth','kings_man-20200626010607.jpg'),(18,'Trolls 2','1h 31m','8 de outubro de 2020','https://www.youtube-nocookie.com/embed/V-l30ZS0sFA?controls=0','Em Breve','A rainha Poppy (Anna Kendrick) e Branch (Justin Timberlake) descobrem que há outros mundos Troll além do seu, e suas diferenças criam grandes confrontos entre essas diversas tribos. No entanto, uma ameaça misteriosa faz com que eles tenham que criar harmonia entre os rivais.',' Anna Kendrick, Justin Timberlake, Rachel Bloom','Trolls 2-20200626010608.jpg'),(19,'Tenet','-','13 de agosto de 2020','https://www.youtube-nocookie.com/embed/LdOM0x0XDMo?controls=0','Em Breve','Um épico de ação, que se passa em sete países diferentes, dentro do mundo da espionagem. Sinopse oficial ainda não divulgada.Confira a classificação indicativa no Portal Online da Cultura Digital.','John David Washington, Robert Pattinson, Elizabeth Debicki','Tenet-20200626010608.jpg'),(20,'O Exterminador do Futuro','2h 08m','31 de outubro de 2019','https://www.youtube-nocookie.com/embed/X4niKYEbuLU?controls=0','Lançado','A guerreira Sarah Connor se une a Grace, um híbrido entre ciborgue e humano, e ao T-800 para proteger a jovem Dani Ramos de um novo tipo de exterminador que chega do futuro à Cidade do México.','Linda Hamilton Arnold Schwarzenegger Mackenzie Davis Natalia Reyes Gabriel Luna Diego Boneta','O Exterminador do Futuro-20200626010608.jpg'),(21,'O EXTERMINADOR DO FUTURO 2 ','2h 15m','1 de agosto de 1991 ','https://www.youtube-nocookie.com/embed/0yfpLhW-Xyg?controls=0','Lançado','Uma criança destinada a ser líder (Edward Furlong) já nasceu, mas infeliz por viver com pais adotivos, pois foi privado da companhia da mãe (Linda Hamilton), que foi considerada louca quando falou de um exterminador vindo do futuro. ','Arnold Schwarzenegger, Linda Hamilton, Edward Furlong','1000854766-20200626010614.jpg'),(22,'Ford Vs Ferrari','02h 29m','14 de novembro de 2019','https://www.youtube-nocookie.com/embed/zWQ1WqvxWno?controls=0','Lançado','O projetista Carroll Shelby e o piloto Ken Miles enfrentaram a interferência empresarial, as leis da física e os próprios demônios para construir um carro de corrida para a Ford Motor derrotar a hegemonia de Enzo Ferrari nas 24 horas de Le Mans.','Matt Damon, Christian Bale, Caitriona Balfe, Jon Bernthal, Tracy Letts, Josh Lucas','Ford Vs Ferrari-20200626010615.jpg'),(23,'Milagre da cela 7','2h 12m','10 de outubro de 2019','https://www.youtube-nocookie.com/embed/kipVc36vCTI?controls=0','Lançado','Quando pensamos em um milagre, é comum envolvermos o ar sobrenatural, quase divino, que envolve a expressão. Milagres são quase sinônimos do impossível e muitas vezes consideramos um ato do além para justificá-los quando acontecem. ','Aras Bulut İynemli,Nisa Sofiya Aksongur,Deniz Baysal','Milagre na cela 7-20200626010615.jpg'),(24,'Frankenweenie','1h 27m','2 de novembro de 2012','https://www.youtube-nocookie.com/embed/c0E6qIEqQng?controls=0','Lançado','Victor adora fazer filmes caseiros de terror, quase sempre estrelados por seu cachorro Sparky. Quando o cão morre atropelado, o garoto fica triste e inconformado. Inspirado por uma aula de ciências que teve na escola, onde um professor mostra ser possível estimular os movimentos através da eletricidade, ele constrói uma máquina que permita reviver Sparky.',' Charlie Tahan, Winona Ryder, Atticus Shaffer, Martin Short','frankenweenie-20200626010616.jpg'),(25,'Você Nem Imagina','1h 44m','1 de maio de 2020 ','https://www.youtube-nocookie.com/embed/TVXvxjm6FF8?controls=0','Lançado','Em Você Nem Imagina, Ellie Chu (Leah Lewis) é a típica aluna deslocada que possui o hábito de fazer a lição de casa de seus colegas por dinheiro para contribuir com as contas em casa. Secretamente, ela possui uma paixão pela bela Aster Flores (Alexxis Lemire). Quando Paul, um jogador de futebol, se aproxima de Ellie para pedir ajuda para escrever uma carta de amor para sua amada, ela entra em conflito.','Leah Lewis, Alexxis Lemire, Daniel Diemer','1081365-20200626010617.jpg'),(26,'M8 - Quando a Morte Socorre a Vida','1h 14m','23 de julho de 2020','https://www.youtube-nocookie.com/embed/MfWfoADI84s?controls=0','Em Breve','Em M8 - Quando a Morte Socorre a Vida, Maurício (Juan Paiva) acabou de ingressar na renomada Universidade Federal de Medicina. Na sua primeira aula de anatomia ele conhece M8, o cadáver que servirá de estudo para ele e os amigos. Durante o semestre, o mistério da identidade do corpo só poderá ser solucionado depois que ele enfrentar suas próprias angústias.','Juan Paiva, Raphael Logam, Henri Pagnoncelli','M8 - Quando a Morte Socorre a Vida-20200626010617.jpg'),(27,'Raya and The Last Dragon','-','7 de janeiro de 2021','https://www.youtube-nocookie.com/embed/7bKMUHQ98As?controls=0','Em Breve','Num reino conhecido como Kumandra, uma guerreira chamada Raya está convencida a buscar pelo último dragão, podendo mudar o mundo para sempre.','Cassie Steele, Awkwafina','020_xS9Zsby-20200626010620.png'),(28,'Top Gun: Maverick','-','26 de junho de 2020','https://www.youtube-nocookie.com/embed/g4U4BQW9OEk?controls=0','Em Breve','Depois de mais de 30 anos de serviço como um dos principais aviadores da Marinha, Pete \"Maverick\" Mitchell está de volta, rompendo os limites como um piloto de testes corajoso. No mundo contemporâneo das guerras tecnológicas, Maverick enfrenta drones e prova que o fator humano ainda é essencial.','Tom Cruise, Miles Teller, Jennifer Connelly','Top Gun-20200626010620.jpg'),(29,'Invocação do Mal 3: A Ordem do Demônio','-','10 de setembro de 2020','https://www.youtube-nocookie.com/embed/3Omh-rIoHus?controls=0','Em Breve','Ed (Patrick Wilson) e Lorraine Warren (Vera Farmiga) voltam a investigar um caso que se passa em nos anos 80. A sinopse oficial ainda não foi divulgada. Confira a classificação indicativa no Portal Online da Cultura Digital.','Patrick Wilson, Vera Farmiga, Sterling Jerins','b56c205e9e5a845e7592e72e6ec8c4a1-20200626010623.jpg'),(30,'Bob Esponja: O Incrível Resgate','1h 23m','30 de julho de 2020','https://www.youtube-nocookie.com/embed/TU7D4ap_m0I?controls=0','Em Breve','Onde está Gary? Segundo Bob Esponja, Gary foi caracolstrado pelo temível Rei Poseidon e levado para a cidade perdida de Atlantic City. Com a ajuda do Patrick, ele sai em uma missão de resgate ao querido amigo, e nesta jornada os dois conhecem novos personagens e vivem inimagináveis aventuras.','Awkwafina, Tom Kenny, Clancy Brown','Bob Esponja-20200626010623.jpg'),(31,'Avatar 2','-','18 de dezembro de 2020','https://www.youtube-nocookie.com/embed/yUXd-enstO8?controls=0','Em Breve','Avatar: The Way of Water é a continuação de Avatar, com sua data de lançamento prevista para 17 de dezembro de 2021. O filme é co-escrito, co-editado, co-produzido e dirigido por James Cameron. Será a sequência do blockbuster de 2009 Avatar.','James Cameron, Josh Friedman, Shane Salerno','17aa718c1ab15b482505b8431cf596fc-20200626010625.jpg'),(32,'007 - Sem Tempo Para Morrer','2h 43m','19 de novembro de 2020','https://www.youtube-nocookie.com/embed/FlriFMTIPOg?controls=0','Em Breve','Em 007 - Sem Tempo Para Morrer, Bond deixou o serviço ativo e está desfrutando de uma vida tranquila na Jamaica. Sua paz não dura muito quando seu velho amigo Felix Leiter, da CIA, aparece pedindo ajuda. A missão de resgatar um cientista sequestrado acaba sendo muito mais traiçoeira do que o esperado, levando Bond à trilha de um vilão misterioso armado com nova tecnologia perigosa.','Daniel Craig, Rami Malek, Léa Seydoux','No_Time_to_Die-20200626010628.jpg'),(33,'Detetives do Prédio Azul 3 - Uma Aventura no Fim do Mundo','-','17 de dezembro de 2020','https://www.youtube-nocookie.com/embed/nCEArtHfZJE?controls=0','Em Breve','Severino (Ronaldo Reis) encontra um estranho objeto em meio aos escombros de um avião, sem saber que se trata de uma das faces do Medalhão de Uzur. Ao colocá-lo no pescoço, o porteiro do Prédio Azul é influenciado pelo artefato e passa a se tornar cada vez mais malvado.','Pedro Henriques Motta, Letícia Braga, Anderson Lima','1275610-20200626010629.jpg'),(34,'Amor, Sublime Amor ','-','17 de dezembro de 2020','https://www.youtube-nocookie.com/embed/0SwtseTrXbs?controls=0','Em Breve','No lado oeste da cidade de Nova York, os Jets e os Sharks são gangues polonesas e porto-riquenhas, respectivamente, que se odeiam e lutam entre si para dominar o território em seu bairro. A briga se intensifica quando os dois líderes das gangues rivais se apaixonam, transformando o cenário em uma total tragédia.','Ansel Elgort, Rachel Zegler, Rita Moreno','Amor, Sublime Amor-20200626010629.jpg'),(35,'Morbius','-','30 de julho de 2020','https://www.youtube-nocookie.com/embed/jLMBLuGJTsA?controls=0','Em Breve','Morbius é um futuro filme norte-americano de super-herói de 2021, baseado na personagem de mesmo nome da Marvel Comics, produzido pela Columbia Pictures em associação com a Marvel Entertainment e distribuído pela Sony Pictures. Pretende ser o segundo filme do Universo Marvel da Sony.','Avi Arad, Matthew Tolmach, Lucas Foster','Morbius-20200626010629.jpg'),(36,'Alita: Anjo de Comba','2h 2m','14 de fevereiro de 2019','https://www.youtube-nocookie.com/embed/bF6wNMjPwJY?controls=0','Lançado','Abandonada em um ferro-velho de Iron City, a ciborgue Alita é encontrada pelo cientista Dyson Ido. Revitalizada, ela acorda sem memória e reconhecimento do mundo em que se encontra. Determinada a conhecer seu passado e explorar suas habilidades surpreendentes de luta, Alita se torna uma poderosa caçadora de recompensas, combatendo forças mortais.','Rosa Salazar, Jorge Lendeborg Jr, Casper Van Dien, Christoph Waltz','Alita-20200626010630.jpg'),(37,'Animais Fantásticos: Os Crimes de Grindelwald','2h 13m','15 de novembro de 2018 ','https://www.youtube-nocookie.com/embed/YNskLKO_FzE?controls=0','Lançado','Newt Scamander reencontra os queridos amigos Tina Goldstein, Queenie Goldstein e Jacob Kowalski. Ele é recrutado pelo seu antigo professor em Hogwarts, Alvo Dumbledore, para enfrentar o terrível bruxo das trevas Gellert Grindelwald, que escapou da custódia da Macusa.',' Eddie Redmayne, Katherine Waterston, Dan Fogler','Fantastic_Beasts_The_Crimes_of_Grindelwald-20200626010631.jpg'),(38,'Titanic','3h 30m','16 de janeiro de 1998','https://www.youtube-nocookie.com/embed/2e-eXJ6HgkQ?controls=0','Lançado','Um artista pobre e uma jovem rica se conhecem e se apaixonam na fatídica jornada do Titanic, em 1912. Embora esteja noiva do arrogante herdeiro de uma siderúrgica, a jovem desafia sua família e amigos em busca do verdadeiro amor.','Leonardo Dicaprio,Billy Zane,Kate Winslet,Frances Fisher','Titanic-20200626010631.jpg'),(39,'Projeto Gemini','1h 57m','10 de outubro de 2019','https://www.youtube-nocookie.com/embed/eDXudQXTPuU?controls=0','Lançado','Henry Brogan é um assassino de elite que se torna o alvo de um agente misterioso que aparentemente pode prever todos os seus movimentos. Ele logo descobre que o homem que está tentando matá-lo é uma versão mais jovem, rápida e clonada de si mesmo.',' Will Smith, Mary Elizabeth Winstead, Clive Owen','Projeto Gemini-20200626010632.jpg'),(40,'Jogador Nº 1','2h 19m','29 de março de 2018','https://www.youtube-nocookie.com/embed/q_1OJNcTld0?controls=0','','Em 2044, Wade Watts, assim como o resto da humanidade, prefere a realidade virtual do jogo OASIS ao mundo real. Quando o criador do jogo, o excêntrico James Halliday morre, os jogadores devem descobrir a chave de um quebra-cabeça diabólico para conquistar sua fortuna inestimável.','Tye Sheridan, Olivia Cooke, Ben Mendelsohn, T. J. Miller','Ready_Player_One_(filme)-20200626010633.png'),(41,'Batman Begins','2h 20m','17 de junho de 2005','https://www.youtube-nocookie.com/embed/_D38sEPUXt4?controls=0','Lançado','O jovem Bruce Wayne viaja para o Extremo Oriente, onde recebe treinamento em artes marciais do mestre Henri Ducard, um membro da misteriosa Liga das Sombras. Quando Ducard revela que a verdadeira proposta da Liga é a destruição completa da cidade de Gotham, Wayne retorna à sua cidade com o intuito de livrá-la de criminosos e assassinos.',' Christian Bale, Katie Holmes, Michael Caine','Batman Begins-20200626010633.jpg'),(42,'MÁQUINAS MORTAIS','2h 9m','10 de janeiro de 2019','https://www.youtube-nocookie.com/embed/DRIbfiG8IkY?controls=0','Lançado','A Terra está destruída e para sobreviver as cidades se movem em rodas gigantes, conhecidas como Cidades Tração, e lutam com outras para conseguir mais recursos naturais. Quando Londres se envolve em um ataque, Tom é lançado para fora da cidade junto com uma fora da lei, e os dois juntos precisam lutar para sobreviver e ainda enfrentar uma ameaça que coloca a vida no planeta em risco.','Hera Hilmar, Robert Sheehan, Hugo Weaving','514SVHqi9fL-20200626010634.jpg'),(43,'Bloodshot','1h 49m','12 de março de 2020','https://www.youtube-nocookie.com/embed/J98D-Lglgks?controls=0','Lançado','Depois de ser morto em combate, o soldado Ray Garrison é trazido de volta à vida com um exército de nanotecnologia em suas veias e poderes sobre-humanos: uma incrível força e a habilidade de se curar instantaneamente. Sem memória, ele está decidido a descobrir a verdade sobre quem realmente é.','Vin Diesel, Eiza Gonzalez, Sam Heughan','Bloodshot-20200626010634.jpg'),(44,'Troco em Dobro','1h 51m','6 de março de 2020','https://www.youtube-nocookie.com/embed/7fzTXxx3p28?controls=0','Lançado','Na trama de Troco em Dobro, Spenser (Mark Wahlberg), um ex-policial mais conhecido por causar problemas do que resolvê-los, acabou de sair da prisão. Mas ele se vê obrigado a ajudar seu antigo treinador de boxe Henry (Alan Arkin) e permanece na cidade de Boston mesmo com a intenção de ir embora. Quando dois ex-colegas de Spenser são assassinados, ele recruta Hawk (Winston Duke), um lutador de MMA, para ajudá-lo a investigar e levar os culpados à justiça.','Mark Wahlberg, Alan Arkin, Winston Duke','Troco em Dobro-20200626010635.jpg'),(45,'Dolittle','1h 41m','20 de fevereiro de 2020','https://www.youtube-nocookie.com/embed/15VBlESes-Y?controls=0','Lançado','O Dr. Dolittle vive com uma variedade de animais exóticos e conversa com eles diariamente. Quando a jovem rainha Victoria fica doente, o excêntrico médico e seus amigos peludos embarcam em uma aventura épica em uma ilha mítica para encontrar a cura.','Robert Downey Jr., Antonio Banderas, Jessie Buckley','Dolittle-20200626010635.jpg'),(46,'Superman: Red Son','1h 24m','24 de fevereiro de 2020','https://www.youtube-nocookie.com/embed/gV4km4-lS9A?controls=0','Lançado','Em uma versão alternativa, Superman torna-se um herói soviético depois que seu foguete cai na URSS.','Amy Acker, Sasha Roiz, Diedrich Bader,winter ave zoli','Superman-20200626010635.jpg'),(47,'Dois Irmãos: Uma Jornada Fantástica','1h 42m','5 de março de 2020','https://www.youtube-nocookie.com/embed/iANKV8OyPUI?controls=0','Lançado','Em um mundo transformado, no qual as criaturas não dependiam mais da magia para viver, dois irmãos elfos recebem um cajado de bruxo de seu falecido pai, capaz de trazê-lo de volta à vida. Inexperientes com qualquer tipo de magia, Ian e Barley não conseguem executar o feitiço e acabam gerando uma criatura sem cabeça.','Tom Holland, Chris Pratt, Julia Louis-Dreyfu,s Octavia Spencer','5627382-20200626010636.jpg'),(48,'Dragonheart: Vengeance','1h 37m','4 de fevereiro de 2020','https://www.youtube-nocookie.com/embed/KSonY_SHxqI?controls=0','Lançado','Lukas, um jovem agricultor cuja família é morta por invasores selvagens no campo, embarca em uma busca épica por vingança, formando um trio com uma dragão majestosa e um mercenário espadachim chamado Darius.','Joseph Millson, Jack Kane, Arturo Muselli, Carolina Carlsson','Dragonheart-20200626010636.jpg'),(49,'Resgate','1h 57m','24 de abril de 2020','https://www.youtube-nocookie.com/embed/GMKKq_bYd0E?controls=0','','Resgate é um filme de suspense de ação americano de 2020, dirigido por Sam Hargrave e roteiro de Joe Russo, baseado nos quadrinhos Ciudad de Ande Parks, Joe Russo, Anthony Russo, Fernando Leon Gonzalez e Eric Skillman.','Chris Hemsworth,Rudhraksh Jaiswal,Randeep Hooda','Resgate-20200626010637.jpg'),(50,'La casa de papel: El fenómeno','0h 57m','29 de maio de 2020','https://www.youtube-nocookie.com/embed/uplP9GLl4k8?controls=0','Lançado','O documentário La Casa de Papel: O Fenômeno traz um olhar sobre o por quê e como o famoso seriado da Netflix provocou uma onda de entusiasmo em todo o mundo por um astuto grupo de ladrões e o professor que comandou toda a operação.','Úrsula Corberó, Miguel Herrán, Álvaro Morte','0753344-20200626010638.jpg'),(51,'Milea','1h 42m','13 de fevereiro de 2020','https://www.youtube-nocookie.com/embed/Knu5zKiK5hw?controls=0','Lançado','Milea tomou a decisão de se separar de Dilan como um aviso para Dilan ficar longe da gangue de motociclistas. Mas a despedida que fora apenas um blefe para Milea se tornou uma despedida que durou até se formarem na faculdade e crescerem.\r\n',' Iqbaal Dhiafakhri Ramadhan , Vanesha Prescilla , Ira Wibowo','Milea-20200626010639.jpg'),(52,'Olhos de Gato','1h 44m','18 de junho de 2020','https://www.youtube-nocookie.com/embed/zWugdPLACmQ?controls=0','Lançado','Miyo Sasaki apaixonada por seu colega de classe Kento Hinode e tenta repetidamente chamar a atenção de Kento, transformando-se em um gato, mas em algum momento, a fronteira entre ela e o gato se torna ambígua.','Natsuki Hanae, Kôichi Yamadera, Minako Kotobuki','bTnGFQR1fTFtcdh6capsn2eBAH8yPoA-QUWBWDN0Yl1KF9aZDGSCKe62oe0U9EltRiDyqaVcGEGSgq99XbbqTTWV5MUxDw-20200626010642.png'),(53,'A Última Coisa que Ele Queria','1h 55m','27 de janeiro de 2020','https://www.youtube-nocookie.com/embed/EjMPO0Xyw4w?controls=0','Lançado','Uma repórter consagrada cruza os limites da ética jornalística para ajudar o pai em uma negociação de armas na América Central.','Anne Hathaway,Ben Affleck,Willem Dafoe','2719146-20200626010644.jpg'),(54,'Coffee & Kareem','1h 28m','3 de abril de 2020','https://www.youtube-nocookie.com/embed/aZoF1AmC1Yk?controls=0','Lançado','Em Coffee & Kareem, o policial James Coffee (Ed Helms) está aproveitando seu relacionamento com Vanessa Manning (Taraji P. Henson), mas seu amado filho de 12 anos, Kareem (Terrence Little Gardenhigh), planeja sua separação. Na tentativa de assustar o namorado de sua mãe, o menino procura fugitivos criminosos, mas acaba encontrando uma rede secreta de atividades criminosas e coloca um alvo em sua família. Para proteger a mãe, Kareem se une a Coffee rumo à uma perseguição perigosa por Detroit.',' Ed Helms, Terrence Little Gardenhigh, Taraji P. Henson','Coffee & Kareem-20200626010644.jpg'),(55,'Maria e João: O Conto das Bruxas','1h 27m','20 de fevereiro de 2020','https://www.youtube-nocookie.com/embed/BeayuZfUmbg?controls=0','','Desta vez, as migalhas nos guiam por um caminho muito mais sombrio e perturbador. Durante um período de escassez, Maria e seu irmão mais novo, João, saem de casa e partem para a floresta em busca de comida e sobrevivência. É quando encontram uma senhora, cujas intenções podem não ser tão inocentes quanto parecem, que eles descobrem que nem todo conto de fadas tem final feliz.','Sophia Lillis, Alice Krige, Samuel Leakey','maria_e_joao_poster_oficial-20200626010645.jpg'),(56,'O Chamado da Floresta','1h 40m','20 de fevereiro de 2020','https://www.youtube-nocookie.com/embed/uzRXbnJJCHI?controls=0','','Um cão de estimação vivia confortavelmente na casa de uma família na Califórnia, mas é sequestrado e acaba em um dos lugares mais hostis do mundo, o Alaska. Seu destino se cruza com o de John Thornton, um homem corajoso disposto a explorar as belezas e aventuras da travessia de Yukon.','Harrison Ford, Omar Sy, Dan Stevens','O Chamado da Floresta-20200626010646.jpg'),(57,'Wendy','1h 52m','28 de fevereiro de 2020','https://www.youtube-nocookie.com/embed/SH71Tk8Rpvo?controls=0','Lançado','Wendy vive com seus irmãos gêmeos em um restaurante na propriedade de sua mãe e tem sede de aventura. As três crianças decidem então pular a bordo de um trem, e um jovem espirituoso as leva para uma ilha misteriosa onde ninguém envelhece.',' Devin France, Yashua Mack, Gage Naquin','Wendy-20200626010646.jpg'),(58,'RAMBO - PROGRAMADO PARA MATAR','1h 37m','6 de novembro de 1982 ','https://www.youtube-nocookie.com/embed/IAqLKlxY3Eo?controls=0','Lançado','Rambo (Sylvester Stallone) é um veterano da Guerra do Vietnã que é preso injustamente pelo xerife Teasle (Brian Dennehy), mas consegue fugir e promove uma guerra não só contra o policial mas contra toda uma cidade, causando pânico e destruição, que é o que ele sabe fazer de melhor.','Sylvester Stallone, Richard Crenna, Brian Dennehy','20527154-20200603000631-20200626010649.jpg'),(59,'Punyakoti','1h 25m','25 de março de 2020','https://www.youtube-nocookie.com/embed/w-ofnAGFxoQ?controls=0','Lançado','Uma vaca que fala a verdade encontra um tigre faminto que foi deslocado pela destruição irracional da floresta. Uma seca iminente aguarda sua aldeia. O filme é uma adaptação de uma canção folclórica em Karnataka.',' Revathi, Roger Narayan, Sneha Ravishankar','Punyakoti-20200626000614-20200626010650.jpg'),(60,'Viva the Underdogs','1h 30m','22 de janeiro de 2020','https://www.youtube-nocookie.com/embed/HPNQa0ZH9k8?controls=0','Lançado','VIVA THE UNDERDOGS segue a banda autogerida de metalcore / heavy metal australiana Parkway Drive em sua jornada de 15 anos.','Parkway Drive, Ben Gordon, Luke Kilpatrick','Viva the Underdogs-20200626000619-20200626010650.jpg'),(76,'RAMBO 2 - A MISSÃO','1h 36m','16 de agosto de 1985','https://www.youtube-nocookie.com/embed/bVUCdy36TKE?controls=0','Lançado','John Rambo (Sylvester Stallone) está cumprindo pena em uma penitenciária federal quando recebe uma proposta: se participar de uma missão suicida (que consiste em localizar prisioneiros americanos) no sudeste asiático será perdoado e reintegrado ao exército. ','Sylvester Stallone, Richard Crenna, Charles Napier','d935ae71802233321e99f4ced9539a38_XL-20200626020609.jpg'),(77,'RAMBO 3','1h 40m','19 de agosto de 1988','https://www.youtube-nocookie.com/embed/IQt9bDOGTgg?controls=0','Lançado','Veterano (Sylvester Stallone) da Guerra do Vietnã refugia-se em mosteiro budista, em busca de paz espiritual. O retiro é interrompido quando ele decide libertar seu mentor, que caiu nas mãos dos soviéticos, durante a ocupação do Afeganistão.','Sylvester Stallone, Richard Crenna, Kurtwood Smith','Rambo3poster-20200626020614.jpg'),(78,'18 Presentes','1h 55m',' 2 de janeiro de 2020','https://www.youtube-nocookie.com/embed/AZN2iIjRuJA?controls=0','','Grávida e com câncer terminal, ela deixa 18 presentes emocionantes para a filha que vai nascer – um para cada aniversário até que fique adulta.','Vittoria Puccini,Benedetta Porcaroli,Edoardo Leo','18 Presentes-20200628180631.jpg'),(79,'Survive the Night','1h 31m','22 de maio de 2020','https://www.youtube-nocookie.com/embed/RI0gL8JNKag?controls=0','Lançado','Após um acidente durante um assalto, um criminoso descontrolado força um médico a operar seu irmão ferido enquanto faz a família dele de refém.','JonathanBaker,Lee Broda, Barry Brooker, Stephen J. Eads','survive the night-20200628180632.jpg'),(80,'Sócias Em Guerra','1h 23m ','9 de janeiro de 2020','https://www.youtube-nocookie.com/embed/xcoNw0xFt8A?controls=0','Lançado','Mia e Mel administram a própria empresa de cosméticos, mas uma malvada magnata da beleza conspira para roubá-las. Agora, elas precisam se juntar para reaverem a empresa.',' Salma Hayek, Tiffany Haddish, Rose Byrne, Seth Rollins','like_a_boss_ver2-20200628180633.jpg'),(81,' Tempo de Caça','2h 14m','22 de fevereiro de 2020','https://www.youtube-nocookie.com/embed/YHJ5ItIc1t0?controls=0','Lançado','No futuro, a Coreia do Sul enfrenta uma grave crise financeira que deixa a maioria da população na miséria. Quatro amigos planejam roubar uma casa de apostas e depois viverem tranquilamente numa ilha vizinha. Embora os planos deem certo a princípio, eles não esperam que um atirador de elite, associado aos donos do estabelecimento, passe a persegui-los, e não descanse até matar um por um.','Ahn Jae-hongLee, Je-hoonHae-soo, ParkPark, Jung-minChoi, Woo-sik','sanyangeui-sigan46927-20200628180636.jpg'),(82,'Masameer: The Movie','1h 55m','9 de janeiro de 2020','https://www.youtube-nocookie.com/embed/6t8Chcw_FpY?controls=0','Lançado','Nesse filme de animação baseado em uma série de sucesso, uma garota resolve fazer o bem usando robôs e três amigos tentam provar seu valor lutando contra o crime.','Malik Nejer, Abdulaziz Almuzaini, Shahad Alahmari','Masameer-20200628180634.jpg'),(83,'O Grito','1h 34m','13 de fevereiro de 2020','https://www.youtube-nocookie.com/embed/A-s3iSbrmt4?controls=0','Lançado','Depois que uma jovem mãe mata a família em sua própria casa, uma mãe solteira e um detetive tentam investigar e resolver o caso. Mais tarde, eles descobrem que a casa é amaldiçoada.','Andrea Riseborough, Demian Bichir, John Cho','O GRITO-20200628180634.jpg'),(84,'Pense Como um Cão','1h 31m','9 de junho de 2020','https://www.youtube-nocookie.com/embed/MN4X6YDebRQ?controls=0','Lançado','Depois que um experimento de ciência de um prodígio da tecnologia dá errado, ele estabelece uma conexão telepática com seu cão e melhor amigo, Henry, nesta extravagante comédia para toda a família.','Gabriel Bateman, Kunal Nayyar, Megan Fox, Josh Duhamel, Madison Horcher','Think_Like_a_Dog_poster-20200628180637.jpg'),(85,'Ultras','1h 48m','9 de março de 2020','https://www.youtube-nocookie.com/embed/hCFOEIJfios?controls=0','Lançado','Um torcedor fanático encara o passado e se esforça para conseguir um futuro diferente para si e seu jovem amigo.','Aniello Arena,Antonia Truppo,Ciro Nacca','1tuyjh_4fgPist-20200628180638.jpg'),(86,'Ala Vaikunthapurramloo','2h 45m','10 de janeiro de 2020 ','https://www.youtube-nocookie.com/embed/SkENAjfVoNI?controls=0','Lançado','Depois de crescer com um pai durão, a vida de um jovem vira de pernas pro ar quando ele descobre que foi trocado na maternidade pelo filho de um milionário.','Allu Arjun,Pooja Hegde,Tabu','Ala Vaikunthapurramuloo-20200628180639.jpg'),(87,'A Caçada','1h 55m','11 de março de 2020','https://www.youtube-nocookie.com/embed/sdEq-dLiL2A?controls=0','Lançado','À sombra de uma teoria sombria da conspiração, dois grupos opostos se reúnem em um local remoto para fazer justiça com as próprias mãos. Mas seu plano começa a aumentar a proporção, trazendo consequências irreversíveis para uma pequena vila.','Betty Gilpin, Hilary Swank, Wayne Duvall','hunt_ver2_xlg-20200628180645.jpg'),(88,'Asuraguru','2h 2m','13 de março de 2020','https://www.youtube-nocookie.com/embed/4CYJTBV8v9Y?controls=0','Lançado','Asuraguru é um filme de suspense de ação em língua indiana tâmil de 2020, escrito e dirigido por A.Raajdheep, produzido pela JSB. Sathish sob a bandeira dos estúdios da JSB.','Mahram Nambiar , Vikram Prabhu','Asuraguru-20200628180639.jpg'),(89,'Os Órfãos','1h 40m','30 de janeiro de 2020','https://www.youtube-nocookie.com/embed/_MNYnhk4Mh0?controls=0','Lançado','Uma jovem babá descobre segredos sombrios enquanto cuida de dois órfãos perturbados em uma mansão mal-assombrada do Maine, nos Estados Unidos.','Mackenzie Davis, Finn Wolfhard, Brooklynn Prince','TheTurning_1sheet_International1-545x807-20200628180641.jpg'),(90,'Bala Perdida','1h 32m ','19 de junho de 2020','https://www.youtube-nocookie.com/embed/XqV0OqevjBE?controls=0','Lançado','Um mecânico acusado de assassinato precisa encontrar o carro que contém a única prova de sua inocência: a bala do crime.','Alban Lenoir, Nicolas Duvauchelle, Ramzy Bedia, Stéfi Celma.','562464-20200628180642.jpg'),(91,'O Caminho de Volta','1h 48m','10 de março de 2020','https://www.youtube-nocookie.com/embed/GhtTc7R8yBk?controls=0','Lançado','Um ex-atleta considerado um fenômeno do basquete em seus anos de colegial luta contra o alcoolismo ao mesmo tempo em que encara as dificuldades de um emprego monótono. Ele então recebe a oportunidade de treinar um time de basquete e recomeçar.','Ben Affleck, Al Madrigal, Janina Gavankar, Michaela Watkins, Brandon Wilson','8d051c50f2d742b76ac53f21a832c021_XL-20200628180642.jpg'),(92,'Eduardo e Mônica','-','8 de março de 2020','https://www.youtube-nocookie.com/embed/IoSR5tl1AAU?controls=0','Em Breve','Eduardo e Mônica é um futuro filme brasileiro de comédia dramática, dirigido por René Sampaio. E baseado na canção homônima escrita por Renato Russo para a banda Legião Urbana. Gabriel Leone e Alice Braga interpretam Eduardo e Mônica, respectivamente.','Alice Braga Gabriel, Leone Juliana, Carneiro da Cunha, Otávio Augusto','20200204115818921654a-20200628180643.jpg'),(93,'A Ilha da Fantasia','1h 48m','13 de fevereiro de 2020','https://www.youtube-nocookie.com/embed/adkmIMpHyfU?controls=0','Em Breve','Uma ilha mágica no meio do Oceano Pacífico oferece aos seus visitantes a possibilidade de realizar seus sonhos e viver aventuras que parecem impossíveis em qualquer outro lugar. Porém, como avisa o anfitrião da ilha, Sr. Roarke (Michael Pena), realizar seus desejos pode não acontecer da maneira esperada.','Michael Peña, Maggie Q, Lucy Hale','A Ilha da Fantasia-20200628180644.jpg'),(94,'A Assistente','1h 27m','26 de março de 2020','https://www.youtube-nocookie.com/embed/vUSxm_kts_U?controls=0','Em Breve','Jane (Julia Garner) é uma aspirante a produtora de cinema que recentemente conseguiu seu emprego dos sonhos como assistente júnior de um poderoso magnata do entretenimento. O dia dela é muito parecido com o de qualquer outra assistente. ','Julia Garner, Matthew Macfadyen, Kristine Frøseth','A Assistente-20200628180644.jpg'),(95,'A Última Chance','1h 39m','20 de maio de 2020','https://www.youtube-nocookie.com/embed/0NYaM4k8rrg?controls=0','Em Breve','Um policial decadente em busca de uma segunda oportunidade fará de tudo para salvar a filha do seu chefe das mãos de um sequestrador. Uma repórter blogueira que transmitirá cada segundo online será fundamental para o sucesso da missão.','Marco Pigossi, Juliana Lohmann, Aramis Trindade','a ultima chance-20200628180645.jpg'),(96,'Soul','1h 30m','17 de junho de 2020','https://www.youtube-nocookie.com/embed/mhLQkkWewtw?controls=0','Em Breve','Joe Gardner, um professor de música de ensino fundamental, se vê frustrado por não conseguir tocar no lendário clube de jazz The Blue Note, em Nova York. Porém, tudo muda com um acidente o carrega para outra realidade na forma de sua alma e ele embarca em uma aventura ao lado da alma de uma criança.\r\n','Jamie Foxx, Tina Fey, Daveed Diggs','Soul-20200628180646.jpg'),(97,'Godzilla vs Kong','-','18 de novembro de 2020','https://www.youtube-nocookie.com/embed/CuzS6vGD8WQ?controls=0','Em Breve','Godzilla vs. Kong é um futuro filme de monstros estadunidense dirigido por Adam Wingard e escrito por Terry Rossio. É uma continuação de Godzilla II: Rei dos Monstros e Kong: Skull Island e também que era um remake de King Kong vs. ','Alexander Skarsgård, Millie Bobby Brown, Rebecca Hall','GODZILLA VS KONG-20200628180646.jpg'),(98,'Free Guy - Assumindo o Controle','-','10 de dezembro de 2020','https://www.youtube-nocookie.com/embed/CMynkj1qAYo?controls=0','Em Breve','Um caixa de banco preso a uma entediante rotina tem sua vida virada de cabeça para baixo quando ele descobre que é personagem em um brutalmente realista vídeo game de mundo aberto. Agora ele precisa aceitar sua realidade e lidar com o fato de que é o único que pode salvar o mundo.','Ryan Reynolds, Jodie Comer, Lil Rel Howery','b7b3056cab41130e24a54167e4a60151_XL-20200628180647.jpg'),(99,'Sherlock Holmes 3','-','22 de dezembro de 2021','https://www.youtube-nocookie.com/embed/KZSeSKsmDhU?controls=0','','Sherlock Holmes 3 é um filme estadunidense que será lançado em 22 de dezembro de 2021. Será o terceiro filme da franquia de filmes de Sherlock Holmes produzidos por Guy Ritchie. Em 11 julho de 2019, foi confirmado a substituição de Guy Richie na direção por Dexter Fletcher.','Robert Downey Jr., Jude Law','15-cartaz-sherlock-holmes-20200628180651.jpg'),(100,'Os Croods 2','-','23 de dezembro de 2020','https://www.youtube-nocookie.com/embed/l76TZwip3mo?controls=0','Em Breve','Sequência de ‘Os Croods‘, aventura sobre uma família pré-histórica que descobre as transformações no mundo enquanto tenta permanecer unida.','Ryan Reynolds, Nicolas Cage,Emma Stone,  Kat Dennings, Peter Dinklage','Os Croods 2-20200628180652.jpg'),(101,'Animais Fantásticos e Onde Habitam 3','-','12 de novembro de 2021','https://www.youtube-nocookie.com/embed/djlFfipBy2A?controls=0','Em Breve','Sequência das aventuras de Newt Scamander (Eddie Redmayne), um magizoologista que carrega em sua maleta uma coleção de fantásticos animais do mundo da magia descoberta em suas viagens.','Eddie Redmayne, Johnny Depp, Ezra Miller','3423559-20200628180653.jpg'),(102,'Patrulha Canina: Filhotes a Toda Velocidade','1h 06m','29 de outubro de 2020','https://www.youtube-nocookie.com/embed/gOxamH3JMJs?controls=0','Em Breve','Os filhotes construíram uma pista de corrida incrível e estão prontos para receber seu herói. Mas quando o lendário piloto é incapaz de dirigir, ele pede que seu maior fã, Marshall, assuma o volante e corra em seu lugar.','Lukas Engel, Addison Holley, Kallan Holley','Patrulha Canina-20200628180654.jpg'),(103,'Deep Water','-','19 de novembro de 2020','https://www.youtube-nocookie.com/embed/uo-9c3qb0EY?controls=0','Em Breve','Um casal passa por problemas no casamento e decidem abrir o casamento para se relacionarem com outras pessoas. Quando diversas mortes começam a acontecer de forma misteriosa, a vida de ambos toma um caminho inesperado.','Ben Affleck, Ana de Armas, Tracy Letts','Deep Water-20200628180654.jpg'),(104,'Homem-Aranha3 ','-','28 de outubro de 2021','https://www.youtube-nocookie.com/embed/akRHNEK_5is?controls=0','Em Breve','Continuação do filme \"Homem-Aranha: Longe de Casa\", com Tom Holland.','Tom Holland, Zendaya','Homem-Aranha3-20200628180654.jpg'),(105,'PEDRO COELHO 2: O FUGITIVO','1h 25m','agosto de 2020','https://www.youtube-nocookie.com/embed/TJTgscfaZlI?controls=0','Em Breve','Em Pedro Coelho 2: O Fugitivo, Bea, Thomas e os coelhos construíram uma familia improvisada. Quando o coelho arteiro decide se aventurar para além do jardim, encontra um mundo onde não é mais o protagonista rebelde e suas travessuras não são admiráveis.','Rose Byrne, Domhnall Gleeson, David Oyelowo','PEDRO COELHO 2-20200628180654.jpg'),(106,'Jungle Cruise','1h 30m','23 de julho de 2020','https://www.youtube-nocookie.com/embed/047goZyilnM?controls=0','Em Breve','Jungle Cruise será um futuro filme norte-americano de aventura, baseado na atração do parque da Disney com o mesmo nome.','Dwayne Johnson, Emily Blunt, Jack Whitehall, Édgar Ramírez','Jungle Cruise-20200628180655.jpg'),(107,'Super Conectados','-','7 de setembro de 2020','https://www.youtube-nocookie.com/embed/Tt_7dgYbp3k?controls=0','Em Breve','Em Super Conectados, Katie Mitchell é aceita na faculdade de cinema dos seus sonhos e seu pai decide aproveitar para realizar uma viagem em família para levá-la à universidade. ','Abbi Jacobson, Danny McBride, Maya Rudolph','0f510cd367bad4a8ef3d4997a2f2267a_XL-20200628180655.jpg'),(108,'The Batman','-','1 de outubro de 2021 ','https://www.youtube-nocookie.com/embed/cElcLipGNIA?controls=0','Em Breve','The Batman é um futuro filme americano de super-herói e ação que será lançado em 2021, baseado no personagem Batman da DC Comics e distribuído pela Warner Bros. Pictures.','Robert Pattinson, Jeffrey Wright, Zoë Kravitz, Paul Dano, Andy Serkis','9cd79e447082047b275bd05bf66e9af7-20200628180656.jpg'),(109,'After','1h 45m','11 de abril de 2019 ','https://www.youtube-nocookie.com/embed/wj1zTRI_Uqc?controls=0','Lançado','Tessa Young é uma jovem com uma vida simples, ótimas notas na escola, muitos amigos e um bom namorado.Todos os próximos passos de sua vida já estão planejados, mas as coisas mudam quando ela conhece um homem atraente e cheio de segredos sombrios.','Josephine Langford, Hero Fiennes-Tiffin, Samuel Larsen','After-20200628180656.jpg'),(110,'O Poço','1h 34m','8 de novembro de 2019','https://www.youtube-nocookie.com/embed/7CxKksqGrbI?controls=0','Lançado','O Poço conta a história de um lugar misterioso, uma prisão indescritível, um buraco profundo. Dois reclusos que vivem em cada nível. Um número desconhecido de níveis. Uma plataforma descendente contendo comida para todos eles. ','Zorion Eguileor, Ivan Massagué, Antonia San Juan','3762755-20200628190604.jpg'),(111,'A Terra e o Sangue','1h 20m','17 de abril de 2020','https://www.youtube-nocookie.com/embed/ueqqWN7UOcI?controls=0','Lançado','O filme trata de um confronto violento em uma serraria isolada que ocorre quando um jovem funcionário esconde oito quilos da cocaína roubada de uma gangue na fábrica.','Sami Bouajila,Eriq Ebouaney,Samy Seghir','a-terra-e-o-sangue_81102814-20200628180658.jpg'),(112,'A Casa','1h 43m','25 de março de 2020','https://www.youtube-nocookie.com/embed/XeLAPZcnI8A?controls=0','Lançado','Um publicitário desempregado começa a perseguir os novos moradores da sua antiga casa com intenções cada vez mais sinistras.','Javier Gutiérrez,Mario Casas,Bruna Cusí','86df6859a97285afb5bc74e53cc53172_S-20200628180658.jpg'),(113,'Presságio','1h 56m','28 de maio de 2020','https://www.youtube-nocookie.com/embed/kW4eHrSZqvk?controls=0','Lançado','Eles tentam desvendar o mistério do violento homicídio de uma jovem de 19 anos. Ao mesmo tempo, e em segredo, Pipa trabalha em outro caso: um homícidio onde Juánez é suspeito.','Luisana Lopilato, Joaquín Furriel, Rafael Ferro','pressagio_81034677-20200628190600.jpg'),(114,'Altos Negócios','1h 34m','17 de abril de 2020','https://www.youtube-nocookie.com/embed/3LOo20QQjIM?controls=0','Lançado','Disposto a fazer qualquer coisa para ficar rico, um jovem e seu amigo viram o mercado imobiliário de cabeça para baixo, mas nem tudo sai como o esperado.','David Kross,Frederick Lau,Janina Uhse','download-20200628190601.jpg'),(115,'O Declínio','1h 23m','28 de fevereiro de 2020','https://www.youtube-nocookie.com/embed/2RDaibeghQM?controls=0','Lançado','Um acidente cria um racha entre os participantes de um campo de treinamento para sobrevivência. Agora, é preciso lutar para continuar vivo.','Guillaume Laurin,Marie-Evelyne Lessard,Réal Bossé','download (1)-20200628190603.jpg'),(116,'O Vendedor de Sonhos','1h 38m','8 de dezembro de 2016','https://www.youtube-nocookie.com/embed/sifAzV5Z6x4?controls=0','','Um psicólogo decepcionado com a vida tenta o suicídio, mas é impedido de cometer o ato final por intermédio de um mendigo. Uma amizade peculiar surge e, logo, a dupla passa a tentar salvar pessoas ao apresentar um novo caminho para se viver.','Dan Stulbach, César Troncoso, Thiago Mendonça','094743-20200628190603.jpg');
/*!40000 ALTER TABLE `filme` ENABLE KEYS */;
UNLOCK TABLES;

--
-- Table structure for table `filme_diretor`
--

DROP TABLE IF EXISTS `filme_diretor`;
/*!40101 SET @saved_cs_client     = @@character_set_client */;
/*!50503 SET character_set_client = utf8mb4 */;
CREATE TABLE `filme_diretor` (
  `id` int NOT NULL AUTO_INCREMENT,
  `id_filme` int NOT NULL,
  `id_diretor` int NOT NULL,
  PRIMARY KEY (`id`),
  KEY `fk_filme_genero_diretor_idx` (`id_diretor`),
  KEY `fk_filme_diretor_filme_idx` (`id_filme`),
  CONSTRAINT `fk_filme_diretor_filme` FOREIGN KEY (`id_filme`) REFERENCES `filme` (`id`),
  CONSTRAINT `fk_filme_genero_diretor` FOREIGN KEY (`id_diretor`) REFERENCES `diretor` (`id`)
) ENGINE=InnoDB AUTO_INCREMENT=306 DEFAULT CHARSET=utf8 COLLATE=utf8_bin;
/*!40101 SET character_set_client = @saved_cs_client */;

--
-- Dumping data for table `filme_diretor`
--

LOCK TABLES `filme_diretor` WRITE;
/*!40000 ALTER TABLE `filme_diretor` DISABLE KEYS */;
INSERT INTO `filme_diretor` VALUES (23,3,4),(117,1,1),(118,1,2),(119,2,3),(120,4,5),(121,5,6),(122,6,7),(123,6,8),(124,7,9),(125,8,10),(126,9,11),(127,10,12),(128,11,13),(129,12,14),(130,13,15),(131,14,16),(132,15,17),(133,16,18),(136,17,19),(137,18,20),(138,19,21),(139,20,22),(142,21,34),(143,22,23),(144,23,24),(145,24,25),(147,25,26),(148,26,27),(151,28,31),(152,27,29),(153,27,30),(156,29,32),(157,30,33),(158,31,34),(159,32,35),(161,33,36),(162,34,37),(163,35,38),(164,36,39),(166,37,41),(167,38,43),(168,39,44),(170,40,37),(171,41,45),(173,42,46),(174,43,47),(175,44,50),(176,45,51),(177,46,53),(179,47,54),(180,48,55),(181,49,56),(184,50,57),(185,50,58),(188,52,62),(190,53,63),(191,54,64),(193,55,65),(194,56,67),(195,57,68),(197,58,72),(198,59,69),(199,59,70),(200,60,71),(230,51,59),(231,51,60),(232,76,73),(233,77,74),(256,78,75),(257,79,76),(258,80,77),(260,82,79),(261,83,80),(265,81,78),(266,84,81),(267,85,82),(268,86,83),(269,88,85),(271,89,86),(272,90,87),(273,91,88),(274,92,89),(275,93,90),(276,94,91),(278,87,84),(279,95,92),(280,96,93),(281,96,94),(282,97,96),(283,98,97),(284,99,98),(285,100,99),(286,101,41),(287,102,101),(288,103,102),(289,104,103),(290,105,104),(291,106,105),(292,107,106),(293,108,107),(294,109,108),(296,111,110),(297,112,111),(298,112,112),(299,113,113),(300,114,114),(301,115,115),(302,116,116),(305,110,109);
/*!40000 ALTER TABLE `filme_diretor` ENABLE KEYS */;
UNLOCK TABLES;

--
-- Table structure for table `filme_genero`
--

DROP TABLE IF EXISTS `filme_genero`;
/*!40101 SET @saved_cs_client     = @@character_set_client */;
/*!50503 SET character_set_client = utf8mb4 */;
CREATE TABLE `filme_genero` (
  `id` int NOT NULL AUTO_INCREMENT,
  `id_filme` int NOT NULL,
  `id_genero` int NOT NULL,
  PRIMARY KEY (`id`),
  KEY `fk_genero_idx` (`id_genero`),
  KEY `fk_filme_genero_filme_idx` (`id_filme`),
  CONSTRAINT `fk_filme_genero_filme` FOREIGN KEY (`id_filme`) REFERENCES `filme` (`id`),
  CONSTRAINT `fk_filme_genero_genero` FOREIGN KEY (`id_genero`) REFERENCES `genero` (`id`)
) ENGINE=InnoDB AUTO_INCREMENT=550 DEFAULT CHARSET=utf8 COLLATE=utf8_bin;
/*!40101 SET character_set_client = @saved_cs_client */;

--
-- Dumping data for table `filme_genero`
--

LOCK TABLES `filme_genero` WRITE;
/*!40000 ALTER TABLE `filme_genero` DISABLE KEYS */;
INSERT INTO `filme_genero` VALUES (32,3,1),(33,3,3),(218,1,1),(219,1,16),(220,2,1),(221,2,3),(222,4,5),(223,5,1),(224,5,3),(225,5,13),(226,6,1),(227,6,5),(228,7,1),(229,8,12),(230,9,22),(231,10,12),(232,10,32),(233,11,5),(234,11,20),(235,12,1),(236,12,3),(237,12,15),(238,13,12),(239,14,15),(240,14,22),(241,14,23),(242,15,23),(243,16,1),(244,16,3),(251,17,1),(252,17,5),(253,17,13),(254,18,2),(255,18,5),(256,18,18),(257,19,1),(258,19,13),(259,19,22),(260,20,34),(263,21,34),(264,22,1),(265,22,3),(266,22,12),(267,23,12),(268,24,2),(269,24,5),(270,24,16),(273,25,5),(274,25,20),(275,26,12),(276,26,22),(279,28,1),(280,28,12),(281,28,3),(282,27,2),(283,27,33),(286,29,23),(287,30,2),(288,30,5),(289,31,16),(290,32,1),(291,32,13),(292,32,22),(295,33,3),(296,33,38),(297,34,5),(298,34,18),(299,34,20),(300,35,1),(301,35,23),(302,36,1),(303,36,16),(306,37,3),(307,37,33),(308,38,12),(309,38,20),(310,39,1),(311,39,16),(314,40,1),(315,40,16),(316,41,1),(317,41,33),(320,42,1),(321,42,16),(322,43,1),(323,43,3),(324,44,1),(325,44,5),(326,44,12),(327,44,19),(328,45,3),(329,45,38),(330,46,1),(331,46,16),(334,47,5),(335,47,38),(336,48,1),(337,48,3),(338,48,12),(339,49,1),(341,50,10),(344,52,2),(345,52,16),(346,52,20),(347,52,33),(350,53,40),(351,53,41),(352,54,1),(353,54,5),(354,54,19),(357,55,23),(358,55,33),(359,56,3),(360,56,12),(361,56,38),(362,57,12),(363,57,33),(366,58,12),(367,58,1),(368,59,2),(369,60,10),(424,51,12),(425,51,20),(426,76,1),(427,77,1),(428,77,3),(461,78,12),(462,79,1),(463,79,22),(464,80,5),(467,82,1),(468,82,3),(469,83,23),(470,83,41),(477,81,12),(478,81,16),(479,84,5),(480,84,38),(481,85,12),(482,86,1),(483,86,12),(484,88,1),(485,88,12),(486,88,22),(489,89,1),(490,89,23),(491,90,1),(492,90,3),(493,90,12),(494,90,22),(495,91,12),(496,91,35),(497,92,12),(498,92,20),(499,93,23),(500,93,42),(501,94,12),(505,87,1),(506,87,22),(507,87,23),(508,95,12),(509,95,35),(510,96,2),(511,96,12),(512,97,34),(513,98,1),(514,98,5),(515,99,3),(516,100,2),(517,100,38),(518,101,3),(519,101,33),(520,102,2),(521,103,22),(522,104,1),(523,104,3),(524,105,2),(525,105,38),(526,106,3),(527,106,33),(528,107,2),(529,107,5),(530,108,12),(531,108,43),(532,109,12),(533,109,20),(536,111,12),(537,112,42),(538,113,19),(539,113,22),(540,114,1),(541,115,1),(542,115,3),(543,116,12),(548,110,16),(549,110,23);
/*!40000 ALTER TABLE `filme_genero` ENABLE KEYS */;
UNLOCK TABLES;

--
-- Table structure for table `genero`
--

DROP TABLE IF EXISTS `genero`;
/*!40101 SET @saved_cs_client     = @@character_set_client */;
/*!50503 SET character_set_client = utf8mb4 */;
CREATE TABLE `genero` (
  `id` int NOT NULL AUTO_INCREMENT,
  `nome` varchar(100) NOT NULL,
  PRIMARY KEY (`id`)
) ENGINE=InnoDB AUTO_INCREMENT=44 DEFAULT CHARSET=utf8;
/*!40101 SET character_set_client = @saved_cs_client */;

--
-- Dumping data for table `genero`
--

LOCK TABLES `genero` WRITE;
/*!40000 ALTER TABLE `genero` DISABLE KEYS */;
INSERT INTO `genero` VALUES (1,'Ação'),(2,'Animação'),(3,'Aventura'),(4,'Cinema de arte'),(5,'Comédia'),(6,'Comédia romântica'),(7,'Comédia dramática'),(8,'Comédia de ação'),(9,'Dança'),(10,'Documentário'),(11,'Docuficção'),(12,'Drama'),(13,'Espionagem'),(14,'Faroeste'),(15,'Fantasia científica'),(16,'Ficção científica'),(17,'Filmes de guerra'),(18,'Musical'),(19,'Filme policial'),(20,'Romance'),(21,'Seriado'),(22,'Suspense'),(23,'Terror'),(28,'Teste'),(32,'Erótico'),(33,'Fantasia'),(34,'Ação Com Ficção-Científica'),(35,'Esporte'),(38,'Família'),(40,'Thriller político'),(41,'Mistério'),(42,'Thriller'),(43,'Crime');
/*!40000 ALTER TABLE `genero` ENABLE KEYS */;
UNLOCK TABLES;

--
-- Table structure for table `usuario`
--

DROP TABLE IF EXISTS `usuario`;
/*!40101 SET @saved_cs_client     = @@character_set_client */;
/*!50503 SET character_set_client = utf8mb4 */;
CREATE TABLE `usuario` (
  `id` int NOT NULL AUTO_INCREMENT,
  `nome` varchar(100) NOT NULL,
  `dataNascimento` date DEFAULT NULL,
  `email` varchar(45) NOT NULL,
  `senha` varchar(255) NOT NULL,
  `imagem` varchar(255) DEFAULT NULL,
  `tipo` int NOT NULL,
  PRIMARY KEY (`id`),
  UNIQUE KEY `email_UNIQUE` (`email`)
) ENGINE=InnoDB AUTO_INCREMENT=5 DEFAULT CHARSET=utf8;
/*!40101 SET character_set_client = @saved_cs_client */;

--
-- Dumping data for table `usuario`
--

LOCK TABLES `usuario` WRITE;
/*!40000 ALTER TABLE `usuario` DISABLE KEYS */;
INSERT INTO `usuario` VALUES (1,'Nathan Sousa','2000-06-15','nathan@gmail.com','81dc9bdb52d04dc20036dbd8313ed055','19059715_1189472924498462_4082649541936361331_n-20200619000604.jpg',1),(2,'Thiago Sousa','2000-01-14','thiago@gmail.com','81dc9bdb52d04dc20036dbd8313ed055','ghgfhgf-20200626020611.png',1),(3,'Rodrigo Nunes','1999-05-17','rodrigo@gmail.com','81dc9bdb52d04dc20036dbd8313ed055','goku-20200628190659.png',1),(4,'Daniel Lopes','2000-04-01','daniel@gmail.com','81dc9bdb52d04dc20036dbd8313ed055','hfghgf-20200626020611.png',1);
/*!40000 ALTER TABLE `usuario` ENABLE KEYS */;
UNLOCK TABLES;

--
-- Dumping routines for database 'pipoca_doce'
--
/*!40103 SET TIME_ZONE=@OLD_TIME_ZONE */;

/*!40101 SET SQL_MODE=@OLD_SQL_MODE */;
/*!40014 SET FOREIGN_KEY_CHECKS=@OLD_FOREIGN_KEY_CHECKS */;
/*!40014 SET UNIQUE_CHECKS=@OLD_UNIQUE_CHECKS */;
/*!40101 SET CHARACTER_SET_CLIENT=@OLD_CHARACTER_SET_CLIENT */;
/*!40101 SET CHARACTER_SET_RESULTS=@OLD_CHARACTER_SET_RESULTS */;
/*!40101 SET COLLATION_CONNECTION=@OLD_COLLATION_CONNECTION */;
/*!40111 SET SQL_NOTES=@OLD_SQL_NOTES */;

-- Dump completed on 2020-06-28 17:02:15
